table user:


mysql> use users;
Database changed
mysql> CREATE TABLE users (id INT AUTO_INCREMENT PRIMARY KEY, username VARCHAR(50), email VARCHAR(100), age INT, city VARCHAR(50), joined_at DATETIME, status VARCHAR(20), bio TEXT);
Query OK, 0 rows affected (0.03 sec)

mysql> insert into users (username, email, age, city, joined_at, status, bio) values ('alice123', 'alice@example.com', 25, 'new york', '2025-08-01 10:00:00', 'active', 'love hiking and travel.'), ('bob99', null, 30, 'los angeles', '2025-07-25 09:30:00', 'inactive', null), ('charliex', 'charlie@example.com', 17, 'chicago', '2025-08-05 14:45:00', 'active', 'high school student.'), ('dana_88', 'dana@example.com', 45, 'miami', '2025-07-20 08:15:00', 'pending', null), ('eli', 'eli@example.com', 60, 'houston', '2025-08-07 13:20:00', 'active', 'retired engineer.'), ('fay', null, 33, 'boston', '2025-08-02 11:10:00', 'inactive', 'digital nomad.'), ('gina007', 'gina@example.com', 28, 'seattle', '2025-08-07 16:30:00', 'active', 'coffee lover.');
Query OK, 7 rows affected (0.01 sec)
Records: 7  Duplicates: 0  Warnings: 0

mysql> CREATE TABLE orders (order_id INT AUTO_INCREMENT PRIMARY KEY, customer_name VARCHAR(100), product_name VARCHAR(100), order_date DATETIME, quantity INT, price DECIMAL(10,2), status VARCHAR(20), shipping_address TEXT);
Query OK, 0 rows affected (0.03 sec)

mysql> insert into orders (customer_name, product_name, order_date, quantity, price, status, shipping_address) values ('Alice', 'Laptop', '2025-08-07 09:00:00', 1, 1200.00, 'shipped', '123 Main St, New York'), ('Bob', 'Phone', '2025-08-06 14:10:00', 2, 650.50, 'pending', '456 Elm St, LA'), ('Charlie', 'Tablet', '2025-08-05 11:25:00', 1, 300.00, 'cancelled', null), ('Diana', 'Monitor', '2025-08-07 15:40:00', 3, 199.99, 'shipped', '789 Pine St, Chicago'), ('Ethan', 'Keyboard', '2025-08-03 08:20:00', 5, 49.99, 'processing', null), ('Fiona', 'Mouse', '2025-08-04 10:30:00', 4, 25.00, 'shipped', '321 Oak St, Houston');
Query OK, 6 rows affected (0.01 sec)
Records: 6  Duplicates: 0  Warnings: 0

mysql> select * from orders where customer_name like '%a';
+----------+---------------+--------------+---------------------+----------+--------+---------+----------------------+
| order_id | customer_name | product_name | order_date          | quantity | price  | status  | shipping_address     |
+----------+---------------+--------------+---------------------+----------+--------+---------+----------------------+
|        4 | Diana         | Monitor      | 2025-08-07 15:40:00 |        3 | 199.99 | shipped | 789 Pine St, Chicago |
|        6 | Fiona         | Mouse        | 2025-08-04 10:30:00 |        4 |  25.00 | shipped | 321 Oak St, Houston  |
+----------+---------------+--------------+---------------------+----------+--------+---------+----------------------+
2 rows in set (0.00 sec)

mysql> select * from orders where product_name like '%Phone%';
+----------+---------------+--------------+---------------------+----------+--------+---------+------------------+
| order_id | customer_name | product_name | order_date          | quantity | price  | status  | shipping_address |
+----------+---------------+--------------+---------------------+----------+--------+---------+------------------+
|        2 | Bob           | Phone        | 2025-08-06 14:10:00 |        2 | 650.50 | pending | 456 Elm St, LA   |
+----------+---------------+--------------+---------------------+----------+--------+---------+------------------+
1 row in set (0.00 sec)

mysql> select * from orders where length(product_name) = 5;
+----------+---------------+--------------+---------------------+----------+--------+---------+---------------------+
| order_id | customer_name | product_name | order_date          | quantity | price  | status  | shipping_address    |
+----------+---------------+--------------+---------------------+----------+--------+---------+---------------------+
|        2 | Bob           | Phone        | 2025-08-06 14:10:00 |        2 | 650.50 | pending | 456 Elm St, LA      |
|        6 | Fiona         | Mouse        | 2025-08-04 10:30:00 |        4 |  25.00 | shipped | 321 Oak St, Houston |
+----------+---------------+--------------+---------------------+----------+--------+---------+---------------------+
2 rows in set (0.00 sec)

mysql> select customer_name as Buyer, price as Unit_Price from orders;
+---------+------------+
| Buyer   | Unit_Price |
+---------+------------+
| Alice   |    1200.00 |
| Bob     |     650.50 |
| Charlie |     300.00 |
| Diana   |     199.99 |
| Ethan   |      49.99 |
| Fiona   |      25.00 |
+---------+------------+
6 rows in set (0.00 sec)

mysql> select order_id, quantity * price as Total_Cost from orders;
+----------+------------+
| order_id | Total_Cost |
+----------+------------+
|        1 |    1200.00 |
|        2 |    1301.00 |
|        3 |     300.00 |
|        4 |     599.97 |
|        5 |     249.95 |
|        6 |     100.00 |
+----------+------------+
6 rows in set (0.00 sec)

mysql> select * from orders where customer_name != 'Bob';
+----------+---------------+--------------+---------------------+----------+---------+------------+-----------------------+
| order_id | customer_name | product_name | order_date          | quantity | price   | status     | shipping_address      |
+----------+---------------+--------------+---------------------+----------+---------+------------+-----------------------+
|        1 | Alice         | Laptop       | 2025-08-07 09:00:00 |        1 | 1200.00 | shipped    | 123 Main St, New York |
|        3 | Charlie       | Tablet       | 2025-08-05 11:25:00 |        1 |  300.00 | cancelled  | NULL                  |
|        4 | Diana         | Monitor      | 2025-08-07 15:40:00 |        3 |  199.99 | shipped    | 789 Pine St, Chicago  |
|        5 | Ethan         | Keyboard     | 2025-08-03 08:20:00 |        5 |   49.99 | processing | NULL                  |
|        6 | Fiona         | Mouse        | 2025-08-04 10:30:00 |        4 |   25.00 | shipped    | 321 Oak St, Houston   |
+----------+---------------+--------------+---------------------+----------+---------+------------+-----------------------+
5 rows in set (0.00 sec)

mysql> select * from orders where status != 'shipped';
+----------+---------------+--------------+---------------------+----------+--------+------------+------------------+
| order_id | customer_name | product_name | order_date          | quantity | price  | status     | shipping_address |
+----------+---------------+--------------+---------------------+----------+--------+------------+------------------+
|        2 | Bob           | Phone        | 2025-08-06 14:10:00 |        2 | 650.50 | pending    | 456 Elm St, LA   |
|        3 | Charlie       | Tablet       | 2025-08-05 11:25:00 |        1 | 300.00 | cancelled  | NULL             |
|        5 | Ethan         | Keyboard     | 2025-08-03 08:20:00 |        5 |  49.99 | processing | NULL             |
+----------+---------------+--------------+---------------------+----------+--------+------------+------------------+
3 rows in set (0.00 sec)

mysql> select * from orders where quantity > 2 and price < 500;
+----------+---------------+--------------+---------------------+----------+--------+------------+----------------------+
| order_id | customer_name | product_name | order_date          | quantity | price  | status     | shipping_address     |
+----------+---------------+--------------+---------------------+----------+--------+------------+----------------------+
|        4 | Diana         | Monitor      | 2025-08-07 15:40:00 |        3 | 199.99 | shipped    | 789 Pine St, Chicago |
|        5 | Ethan         | Keyboard     | 2025-08-03 08:20:00 |        5 |  49.99 | processing | NULL                 |
|        6 | Fiona         | Mouse        | 2025-08-04 10:30:00 |        4 |  25.00 | shipped    | 321 Oak St, Houston  |
+----------+---------------+--------------+---------------------+----------+--------+------------+----------------------+
3 rows in set (0.00 sec)

mysql> select * from orders where customer_name = 'Alice' and status = 'shipped';
+----------+---------------+--------------+---------------------+----------+---------+---------+-----------------------+
| order_id | customer_name | product_name | order_date          | quantity | price   | status  | shipping_address      |
+----------+---------------+--------------+---------------------+----------+---------+---------+-----------------------+
|        1 | Alice         | Laptop       | 2025-08-07 09:00:00 |        1 | 1200.00 | shipped | 123 Main St, New York |
+----------+---------------+--------------+---------------------+----------+---------+---------+-----------------------+
1 row in set (0.00 sec)

mysql> select * from orders where status = 'pending' or status = 'processing';
+----------+---------------+--------------+---------------------+----------+--------+------------+------------------+
| order_id | customer_name | product_name | order_date          | quantity | price  | status     | shipping_address |
+----------+---------------+--------------+---------------------+----------+--------+------------+------------------+
|        2 | Bob           | Phone        | 2025-08-06 14:10:00 |        2 | 650.50 | pending    | 456 Elm St, LA   |
|        5 | Ethan         | Keyboard     | 2025-08-03 08:20:00 |        5 |  49.99 | processing | NULL             |
+----------+---------------+--------------+---------------------+----------+--------+------------+------------------+
2 rows in set (0.00 sec)

mysql> select * from orders where customer_name in ('Alice', 'Diana');
+----------+---------------+--------------+---------------------+----------+---------+---------+-----------------------+
| order_id | customer_name | product_name | order_date          | quantity | price   | status  | shipping_address      |
+----------+---------------+--------------+---------------------+----------+---------+---------+-----------------------+
|        1 | Alice         | Laptop       | 2025-08-07 09:00:00 |        1 | 1200.00 | shipped | 123 Main St, New York |
|        4 | Diana         | Monitor      | 2025-08-07 15:40:00 |        3 |  199.99 | shipped | 789 Pine St, Chicago  |
+----------+---------------+--------------+---------------------+----------+---------+---------+-----------------------+
2 rows in set (0.00 sec)

mysql> select * from orders where product_name in ('Laptop', 'Phone', 'Tablet');
+----------+---------------+--------------+---------------------+----------+---------+-----------+-----------------------+
| order_id | customer_name | product_name | order_date          | quantity | price   | status    | shipping_address      |
+----------+---------------+--------------+---------------------+----------+---------+-----------+-----------------------+
|        1 | Alice         | Laptop       | 2025-08-07 09:00:00 |        1 | 1200.00 | shipped   | 123 Main St, New York |
|        2 | Bob           | Phone        | 2025-08-06 14:10:00 |        2 |  650.50 | pending   | 456 Elm St, LA        |
|        3 | Charlie       | Tablet       | 2025-08-05 11:25:00 |        1 |  300.00 | cancelled | NULL                  |
+----------+---------------+--------------+---------------------+----------+---------+-----------+-----------------------+
3 rows in set (0.00 sec)

mysql> select * from orders where customer_name in ('Alice', 'Bob', 'Charlie');
+----------+---------------+--------------+---------------------+----------+---------+-----------+-----------------------+
| order_id | customer_name | product_name | order_date          | quantity | price   | status    | shipping_address      |
+----------+---------------+--------------+---------------------+----------+---------+-----------+-----------------------+
|        1 | Alice         | Laptop       | 2025-08-07 09:00:00 |        1 | 1200.00 | shipped   | 123 Main St, New York |
|        2 | Bob           | Phone        | 2025-08-06 14:10:00 |        2 |  650.50 | pending   | 456 Elm St, LA        |
|        3 | Charlie       | Tablet       | 2025-08-05 11:25:00 |        1 |  300.00 | cancelled | NULL                  |
+----------+---------------+--------------+---------------------+----------+---------+-----------+-----------------------+
3 rows in set (0.00 sec)

mysql> select * from orders where shipping_address is null;
+----------+---------------+--------------+---------------------+----------+--------+------------+------------------+
| order_id | customer_name | product_name | order_date          | quantity | price  | status     | shipping_address |
+----------+---------------+--------------+---------------------+----------+--------+------------+------------------+
|        3 | Charlie       | Tablet       | 2025-08-05 11:25:00 |        1 | 300.00 | cancelled  | NULL             |
|        5 | Ethan         | Keyboard     | 2025-08-03 08:20:00 |        5 |  49.99 | processing | NULL             |
+----------+---------------+--------------+---------------------+----------+--------+------------+------------------+
2 rows in set (0.00 sec)

mysql> select * from orders where shipping_address is not null;
+----------+---------------+--------------+---------------------+----------+---------+---------+-----------------------+
| order_id | customer_name | product_name | order_date          | quantity | price   | status  | shipping_address      |
+----------+---------------+--------------+---------------------+----------+---------+---------+-----------------------+
|        1 | Alice         | Laptop       | 2025-08-07 09:00:00 |        1 | 1200.00 | shipped | 123 Main St, New York |
|        2 | Bob           | Phone        | 2025-08-06 14:10:00 |        2 |  650.50 | pending | 456 Elm St, LA        |
|        4 | Diana         | Monitor      | 2025-08-07 15:40:00 |        3 |  199.99 | shipped | 789 Pine St, Chicago  |
|        6 | Fiona         | Mouse        | 2025-08-04 10:30:00 |        4 |   25.00 | shipped | 321 Oak St, Houston   |
+----------+---------------+--------------+---------------------+----------+---------+---------+-----------------------+
4 rows in set (0.00 sec)

mysql> select * from orders where length(customer_name) > 5;
+----------+---------------+--------------+---------------------+----------+--------+-----------+------------------+
| order_id | customer_name | product_name | order_date          | quantity | price  | status    | shipping_address |
+----------+---------------+--------------+---------------------+----------+--------+-----------+------------------+
|        3 | Charlie       | Tablet       | 2025-08-05 11:25:00 |        1 | 300.00 | cancelled | NULL             |
+----------+---------------+--------------+---------------------+----------+--------+-----------+------------------+
1 row in set (0.00 sec)

mysql> select upper(customer_name) from orders;
+----------------------+
| upper(customer_name) |
+----------------------+
| ALICE                |
| BOB                  |
| CHARLIE              |
| DIANA                |
| ETHAN                |
| FIONA                |
+----------------------+
6 rows in set (0.00 sec)

mysql> select * from orders where product_name = lower(product_name);
+----------+---------------+--------------+---------------------+----------+---------+------------+-----------------------+
| order_id | customer_name | product_name | order_date          | quantity | price   | status     | shipping_address      |
+----------+---------------+--------------+---------------------+----------+---------+------------+-----------------------+
|        1 | Alice         | Laptop       | 2025-08-07 09:00:00 |        1 | 1200.00 | shipped    | 123 Main St, New York |
|        2 | Bob           | Phone        | 2025-08-06 14:10:00 |        2 |  650.50 | pending    | 456 Elm St, LA        |
|        3 | Charlie       | Tablet       | 2025-08-05 11:25:00 |        1 |  300.00 | cancelled  | NULL                  |
|        4 | Diana         | Monitor      | 2025-08-07 15:40:00 |        3 |  199.99 | shipped    | 789 Pine St, Chicago  |
|        5 | Ethan         | Keyboard     | 2025-08-03 08:20:00 |        5 |   49.99 | processing | NULL                  |
|        6 | Fiona         | Mouse        | 2025-08-04 10:30:00 |        4 |   25.00 | shipped    | 321 Oak St, Houston   |
+----------+---------------+--------------+---------------------+----------+---------+------------+-----------------------+
6 rows in set (0.00 sec)

mysql> select left(product_name, 3) as Short_Name from orders;
+------------+
| Short_Name |
+------------+
| Lap        |
| Pho        |
| Tab        |
| Mon        |
| Key        |
| Mou        |
+------------+
6 rows in set (0.00 sec)

reation:

mysql> create database reaction;
Query OK, 1 row affected (0.01 sec)

mysql> use reaction;
Database changed
mysql> CREATE TABLE reaction (id INT AUTO_INCREMENT PRIMARY KEY, user_name VARCHAR(100), reaction_type VARCHAR(20), post_id INT, created_at DATETIME, location VARCHAR(100), mood_level INT, comment TEXT);
Query OK, 0 rows affected (0.04 sec)

mysql> INSERT INTO reaction (user_name, reaction_type, post_id, created_at, location, mood_level, comment) VALUES ('Alice', 'like', 101, '2025-08-07 10:15:00', 'New York', 8, 'Nice post!'), ('Bob', 'love', 102, '2025-08-06 14:20:00', 'Los Angeles', 9, 'Awesome!'), ('Charlie', 'angry', 101, '2025-08-05 09:10:00', 'Chicago', 3, NULL), ('Diana', 'wow', 103, '2025-08-07 08:30:00', 'Miami', 7, 'Interesting point.'), ('Ethan', 'sad', 104, '2025-08-04 16:45:00', 'Dallas', 2, NULL), ('Fiona', 'love', 102, '2025-08-07 12:00:00', 'Boston', 6, 'Well said.'), ('George', 'like', 105, '2025-08-03 11:25:00', 'Seattle', 5, NULL), ('Hannah', 'like', 106, '2025-08-07 15:50:00', 'Denver', 9, 'Completely agree!'), ('Ian', 'angry', 107, '2025-08-06 13:15:00', 'Phoenix', 4, 'Not okay with this.'), ('Jane', 'sad', 108, '2025-08-02 18:40:00', 'Atlanta', 1, NULL), ('Sam', 'like', 101, '2025-08-07 10:50:00', 'New York', 8, 'ðŸ˜Š'), ('Anita', 'wow', 109, '2025-08-01 20:10:00', 'Houston', 7, NULL), ('Brian', 'love', 110, '2025-08-07 09:05:00', 'San Francisco', 10, 'Fantastic work!'), ('Catherine', 'like', 111, '2025-08-07 08:55:00', 'New York', 6, NULL), ('Daniel', 'angry', 112, '2025-08-05 17:35:00', 'Chicago', 2, NULL);
Query OK, 15 rows affected (0.02 sec)
Records: 15  Duplicates: 0  Warnings: 0

mysql> SELECT * FROM reaction WHERE user_name LIKE 'A%';
+----+-----------+---------------+---------+---------------------+----------+------------+------------+
| id | user_name | reaction_type | post_id | created_at          | location | mood_level | comment    |
+----+-----------+---------------+---------+---------------------+----------+------------+------------+
|  1 | Alice     | like          |     101 | 2025-08-07 10:15:00 | New York |          8 | Nice post! |
| 12 | Anita     | wow           |     109 | 2025-08-01 20:10:00 | Houston  |          7 | NULL       |
+----+-----------+---------------+---------+---------------------+----------+------------+------------+
2 rows in set (0.01 sec)

mysql> SELECT user_name AS Reactor, reaction_type AS Type FROM reaction;
+-----------+-------+
| Reactor   | Type  |
+-----------+-------+
| Alice     | like  |
| Bob       | love  |
| Charlie   | angry |
| Diana     | wow   |
| Ethan     | sad   |
| Fiona     | love  |
| George    | like  |
| Hannah    | like  |
| Ian       | angry |
| Jane      | sad   |
| Sam       | like  |
| Anita     | wow   |
| Brian     | love  |
| Catherine | like  |
| Daniel    | angry |
+-----------+-------+
15 rows in set (0.00 sec)

mysql> SELECT * FROM reaction WHERE mood_level BETWEEN 4 AND 8;
+----+-----------+---------------+---------+---------------------+----------+------------+---------------------+
| id | user_name | reaction_type | post_id | created_at          | location | mood_level | comment             |
+----+-----------+---------------+---------+---------------------+----------+------------+---------------------+
|  1 | Alice     | like          |     101 | 2025-08-07 10:15:00 | New York |          8 | Nice post!          |
|  4 | Diana     | wow           |     103 | 2025-08-07 08:30:00 | Miami    |          7 | Interesting point.  |
|  6 | Fiona     | love          |     102 | 2025-08-07 12:00:00 | Boston   |          6 | Well said.          |
|  7 | George    | like          |     105 | 2025-08-03 11:25:00 | Seattle  |          5 | NULL                |
|  9 | Ian       | angry         |     107 | 2025-08-06 13:15:00 | Phoenix  |          4 | Not okay with this. |
| 11 | Sam       | like          |     101 | 2025-08-07 10:50:00 | New York |          8 | ?                   |
| 12 | Anita     | wow           |     109 | 2025-08-01 20:10:00 | Houston  |          7 | NULL                |
| 14 | Catherine | like          |     111 | 2025-08-07 08:55:00 | New York |          6 | NULL                |
+----+-----------+---------------+---------+---------------------+----------+------------+---------------------+
8 rows in set (0.00 sec)

mysql> SELECT * FROM reaction WHERE reaction_type = 'like' AND mood_level > 7;
+----+-----------+---------------+---------+---------------------+----------+------------+-------------------+
| id | user_name | reaction_type | post_id | created_at          | location | mood_level | comment           |
+----+-----------+---------------+---------+---------------------+----------+------------+-------------------+
|  1 | Alice     | like          |     101 | 2025-08-07 10:15:00 | New York |          8 | Nice post!        |
|  8 | Hannah    | like          |     106 | 2025-08-07 15:50:00 | Denver   |          9 | Completely agree! |
| 11 | Sam       | like          |     101 | 2025-08-07 10:50:00 | New York |          8 | ?                 |
+----+-----------+---------------+---------+---------------------+----------+------------+-------------------+
3 rows in set (0.01 sec)

mysql> SELECT * FROM reaction WHERE reaction_type = 'love' OR reaction_type = 'angry';
+----+-----------+---------------+---------+---------------------+---------------+------------+---------------------+
| id | user_name | reaction_type | post_id | created_at          | location      | mood_level | comment             |
+----+-----------+---------------+---------+---------------------+---------------+------------+---------------------+
|  2 | Bob       | love          |     102 | 2025-08-06 14:20:00 | Los Angeles   |          9 | Awesome!            |
|  3 | Charlie   | angry         |     101 | 2025-08-05 09:10:00 | Chicago       |          3 | NULL                |
|  6 | Fiona     | love          |     102 | 2025-08-07 12:00:00 | Boston        |          6 | Well said.          |
|  9 | Ian       | angry         |     107 | 2025-08-06 13:15:00 | Phoenix       |          4 | Not okay with this. |
| 13 | Brian     | love          |     110 | 2025-08-07 09:05:00 | San Francisco |         10 | Fantastic work!     |
| 15 | Daniel    | angry         |     112 | 2025-08-05 17:35:00 | Chicago       |          2 | NULL                |
+----+-----------+---------------+---------+---------------------+---------------+------------+---------------------+
6 rows in set (0.00 sec)

mysql> SELECT * FROM reaction WHERE reaction_type != 'sad';
+----+-----------+---------------+---------+---------------------+---------------+------------+---------------------+
| id | user_name | reaction_type | post_id | created_at          | location      | mood_level | comment             |
+----+-----------+---------------+---------+---------------------+---------------+------------+---------------------+
|  1 | Alice     | like          |     101 | 2025-08-07 10:15:00 | New York      |          8 | Nice post!          |
|  2 | Bob       | love          |     102 | 2025-08-06 14:20:00 | Los Angeles   |          9 | Awesome!            |
|  3 | Charlie   | angry         |     101 | 2025-08-05 09:10:00 | Chicago       |          3 | NULL                |
|  4 | Diana     | wow           |     103 | 2025-08-07 08:30:00 | Miami         |          7 | Interesting point.  |
|  6 | Fiona     | love          |     102 | 2025-08-07 12:00:00 | Boston        |          6 | Well said.          |
|  7 | George    | like          |     105 | 2025-08-03 11:25:00 | Seattle       |          5 | NULL                |
|  8 | Hannah    | like          |     106 | 2025-08-07 15:50:00 | Denver        |          9 | Completely agree!   |
|  9 | Ian       | angry         |     107 | 2025-08-06 13:15:00 | Phoenix       |          4 | Not okay with this. |
| 11 | Sam       | like          |     101 | 2025-08-07 10:50:00 | New York      |          8 | ?                   |
| 12 | Anita     | wow           |     109 | 2025-08-01 20:10:00 | Houston       |          7 | NULL                |
| 13 | Brian     | love          |     110 | 2025-08-07 09:05:00 | San Francisco |         10 | Fantastic work!     |
| 14 | Catherine | like          |     111 | 2025-08-07 08:55:00 | New York      |          6 | NULL                |
| 15 | Daniel    | angry         |     112 | 2025-08-05 17:35:00 | Chicago       |          2 | NULL                |
+----+-----------+---------------+---------+---------------------+---------------+------------+---------------------+
13 rows in set (0.00 sec)

mysql> SELECT * FROM reaction WHERE reaction_type IN ('like', 'wow', 'love');
+----+-----------+---------------+---------+---------------------+---------------+------------+--------------------+
| id | user_name | reaction_type | post_id | created_at          | location      | mood_level | comment            |
+----+-----------+---------------+---------+---------------------+---------------+------------+--------------------+
|  1 | Alice     | like          |     101 | 2025-08-07 10:15:00 | New York      |          8 | Nice post!         |
|  2 | Bob       | love          |     102 | 2025-08-06 14:20:00 | Los Angeles   |          9 | Awesome!           |
|  4 | Diana     | wow           |     103 | 2025-08-07 08:30:00 | Miami         |          7 | Interesting point. |
|  6 | Fiona     | love          |     102 | 2025-08-07 12:00:00 | Boston        |          6 | Well said.         |
|  7 | George    | like          |     105 | 2025-08-03 11:25:00 | Seattle       |          5 | NULL               |
|  8 | Hannah    | like          |     106 | 2025-08-07 15:50:00 | Denver        |          9 | Completely agree!  |
| 11 | Sam       | like          |     101 | 2025-08-07 10:50:00 | New York      |          8 | ?                  |
| 12 | Anita     | wow           |     109 | 2025-08-01 20:10:00 | Houston       |          7 | NULL               |
| 13 | Brian     | love          |     110 | 2025-08-07 09:05:00 | San Francisco |         10 | Fantastic work!    |
| 14 | Catherine | like          |     111 | 2025-08-07 08:55:00 | New York      |          6 | NULL               |
+----+-----------+---------------+---------+---------------------+---------------+------------+--------------------+
10 rows in set (0.00 sec)

mysql> SELECT * FROM reaction WHERE comment IS NULL;
+----+-----------+---------------+---------+---------------------+----------+------------+---------+
| id | user_name | reaction_type | post_id | created_at          | location | mood_level | comment |
+----+-----------+---------------+---------+---------------------+----------+------------+---------+
|  3 | Charlie   | angry         |     101 | 2025-08-05 09:10:00 | Chicago  |          3 | NULL    |
|  5 | Ethan     | sad           |     104 | 2025-08-04 16:45:00 | Dallas   |          2 | NULL    |
|  7 | George    | like          |     105 | 2025-08-03 11:25:00 | Seattle  |          5 | NULL    |
| 10 | Jane      | sad           |     108 | 2025-08-02 18:40:00 | Atlanta  |          1 | NULL    |
| 12 | Anita     | wow           |     109 | 2025-08-01 20:10:00 | Houston  |          7 | NULL    |
| 14 | Catherine | like          |     111 | 2025-08-07 08:55:00 | New York |          6 | NULL    |
| 15 | Daniel    | angry         |     112 | 2025-08-05 17:35:00 | Chicago  |          2 | NULL    |
+----+-----------+---------------+---------+---------------------+----------+------------+---------+
7 rows in set (0.00 sec)

mysql> SELECT * FROM reaction WHERE comment IS NOT NULL;
+----+-----------+---------------+---------+---------------------+---------------+------------+---------------------+
| id | user_name | reaction_type | post_id | created_at          | location      | mood_level | comment             |
+----+-----------+---------------+---------+---------------------+---------------+------------+---------------------+
|  1 | Alice     | like          |     101 | 2025-08-07 10:15:00 | New York      |          8 | Nice post!          |
|  2 | Bob       | love          |     102 | 2025-08-06 14:20:00 | Los Angeles   |          9 | Awesome!            |
|  4 | Diana     | wow           |     103 | 2025-08-07 08:30:00 | Miami         |          7 | Interesting point.  |
|  6 | Fiona     | love          |     102 | 2025-08-07 12:00:00 | Boston        |          6 | Well said.          |
|  8 | Hannah    | like          |     106 | 2025-08-07 15:50:00 | Denver        |          9 | Completely agree!   |
|  9 | Ian       | angry         |     107 | 2025-08-06 13:15:00 | Phoenix       |          4 | Not okay with this. |
| 11 | Sam       | like          |     101 | 2025-08-07 10:50:00 | New York      |          8 | ?                   |
| 13 | Brian     | love          |     110 | 2025-08-07 09:05:00 | San Francisco |         10 | Fantastic work!     |
+----+-----------+---------------+---------+---------------------+---------------+------------+---------------------+
8 rows in set (0.00 sec)

mysql> SELECT * FROM reaction WHERE comment IS NOT NULL;
+----+-----------+---------------+---------+---------------------+---------------+------------+---------------------+
| id | user_name | reaction_type | post_id | created_at          | location      | mood_level | comment             |
+----+-----------+---------------+---------+---------------------+---------------+------------+---------------------+
|  1 | Alice     | like          |     101 | 2025-08-07 10:15:00 | New York      |          8 | Nice post!          |
|  2 | Bob       | love          |     102 | 2025-08-06 14:20:00 | Los Angeles   |          9 | Awesome!            |
|  4 | Diana     | wow           |     103 | 2025-08-07 08:30:00 | Miami         |          7 | Interesting point.  |
|  6 | Fiona     | love          |     102 | 2025-08-07 12:00:00 | Boston        |          6 | Well said.          |
|  8 | Hannah    | like          |     106 | 2025-08-07 15:50:00 | Denver        |          9 | Completely agree!   |
|  9 | Ian       | angry         |     107 | 2025-08-06 13:15:00 | Phoenix       |          4 | Not okay with this. |
| 11 | Sam       | like          |     101 | 2025-08-07 10:50:00 | New York      |          8 | ?                   |
| 13 | Brian     | love          |     110 | 2025-08-07 09:05:00 | San Francisco |         10 | Fantastic work!     |
+----+-----------+---------------+---------+---------------------+---------------+------------+---------------------+
8 rows in set (0.00 sec)

mysql> SELECT UPPER(user_name) AS uppercase_name FROM reaction;
+----------------+
| uppercase_name |
+----------------+
| ALICE          |
| BOB            |
| CHARLIE        |
| DIANA          |
| ETHAN          |
| FIONA          |
| GEORGE         |
| HANNAH         |
| IAN            |
| JANE           |
| SAM            |
| ANITA          |
| BRIAN          |
| CATHERINE      |
| DANIEL         |
+----------------+
15 rows in set (0.00 sec)

mysql> SELECT LOWER(reaction_type) AS lowercase_reaction FROM reaction;
+--------------------+
| lowercase_reaction |
+--------------------+
| like               |
| love               |
| angry              |
| wow                |
| sad                |
| love               |
| like               |
| like               |
| angry              |
| sad                |
| like               |
| wow                |
| love               |
| like               |
| angry              |
+--------------------+
15 rows in set (0.01 sec)

mysql> SELECT * FROM reaction WHERE LENGTH(user_name) > 6;
+----+-----------+---------------+---------+---------------------+----------+------------+---------+
| id | user_name | reaction_type | post_id | created_at          | location | mood_level | comment |
+----+-----------+---------------+---------+---------------------+----------+------------+---------+
|  3 | Charlie   | angry         |     101 | 2025-08-05 09:10:00 | Chicago  |          3 | NULL    |
| 14 | Catherine | like          |     111 | 2025-08-07 08:55:00 | New York |          6 | NULL    |
+----+-----------+---------------+---------+---------------------+----------+------------+---------+
2 rows in set (0.01 sec)

mysql> SELECT * FROM reaction WHERE DATE(created_at) = CURDATE();
+----+-----------+---------------+---------+---------------------+---------------+------------+--------------------+
| id | user_name | reaction_type | post_id | created_at          | location      | mood_level | comment            |
+----+-----------+---------------+---------+---------------------+---------------+------------+--------------------+
|  1 | Alice     | like          |     101 | 2025-08-07 10:15:00 | New York      |          8 | Nice post!         |
|  4 | Diana     | wow           |     103 | 2025-08-07 08:30:00 | Miami         |          7 | Interesting point. |
|  6 | Fiona     | love          |     102 | 2025-08-07 12:00:00 | Boston        |          6 | Well said.         |
|  8 | Hannah    | like          |     106 | 2025-08-07 15:50:00 | Denver        |          9 | Completely agree!  |
| 11 | Sam       | like          |     101 | 2025-08-07 10:50:00 | New York      |          8 | ?                  |
| 13 | Brian     | love          |     110 | 2025-08-07 09:05:00 | San Francisco |         10 | Fantastic work!    |
| 14 | Catherine | like          |     111 | 2025-08-07 08:55:00 | New York      |          6 | NULL               |
+----+-----------+---------------+---------+---------------------+---------------+------------+--------------------+
7 rows in set (0.01 sec)

mysql> SELECT DATE(created_at) AS only_date FROM reaction;
+------------+
| only_date  |
+------------+
| 2025-08-07 |
| 2025-08-06 |
| 2025-08-05 |
| 2025-08-07 |
| 2025-08-04 |
| 2025-08-07 |
| 2025-08-03 |
| 2025-08-07 |
| 2025-08-06 |
| 2025-08-02 |
| 2025-08-07 |
| 2025-08-01 |
| 2025-08-07 |
| 2025-08-07 |
| 2025-08-05 |
+------------+
15 rows in set (0.00 sec)

mysql> SELECT * FROM reaction WHERE user_name LIKE '%an%';
+----+-----------+---------------+---------+---------------------+---------------+------------+---------------------+
| id | user_name | reaction_type | post_id | created_at          | location      | mood_level | comment             |
+----+-----------+---------------+---------+---------------------+---------------+------------+---------------------+
|  4 | Diana     | wow           |     103 | 2025-08-07 08:30:00 | Miami         |          7 | Interesting point.  |
|  5 | Ethan     | sad           |     104 | 2025-08-04 16:45:00 | Dallas        |          2 | NULL                |
|  8 | Hannah    | like          |     106 | 2025-08-07 15:50:00 | Denver        |          9 | Completely agree!   |
|  9 | Ian       | angry         |     107 | 2025-08-06 13:15:00 | Phoenix       |          4 | Not okay with this. |
| 10 | Jane      | sad           |     108 | 2025-08-02 18:40:00 | Atlanta       |          1 | NULL                |
| 12 | Anita     | wow           |     109 | 2025-08-01 20:10:00 | Houston       |          7 | NULL                |
| 13 | Brian     | love          |     110 | 2025-08-07 09:05:00 | San Francisco |         10 | Fantastic work!     |
| 15 | Daniel    | angry         |     112 | 2025-08-05 17:35:00 | Chicago       |          2 | NULL                |
+----+-----------+---------------+---------+---------------------+---------------+------------+---------------------+
8 rows in set (0.00 sec)

mysql> SELECT user_name, ROUND(mood_level, -1) AS rounded_mood FROM reaction;
+-----------+--------------+
| user_name | rounded_mood |
+-----------+--------------+
| Alice     |           10 |
| Bob       |           10 |
| Charlie   |            0 |
| Diana     |           10 |
| Ethan     |            0 |
| Fiona     |           10 |
| George    |           10 |
| Hannah    |           10 |
| Ian       |            0 |
| Jane      |            0 |
| Sam       |           10 |
| Anita     |           10 |
| Brian     |           10 |
| Catherine |           10 |
| Daniel    |            0 |
+-----------+--------------+
15 rows in set (0.01 sec)

mysql> SELECT UPPER(SUBSTR(user_name, 1, 2)) AS first_two_caps FROM reaction;
+----------------+
| first_two_caps |
+----------------+
| AL             |
| BO             |
| CH             |
| DI             |
| ET             |
| FI             |
| GE             |
| HA             |
| IA             |
| JA             |
| SA             |
| AN             |
| BR             |
| CA             |
| DA             |
+----------------+
15 rows in set (0.01 sec)

mysql> SELECT * FROM reaction WHERE post_id NOT IN (10, 20, 30);
+----+-----------+---------------+---------+---------------------+---------------+------------+---------------------+
| id | user_name | reaction_type | post_id | created_at          | location      | mood_level | comment             |
+----+-----------+---------------+---------+---------------------+---------------+------------+---------------------+
|  1 | Alice     | like          |     101 | 2025-08-07 10:15:00 | New York      |          8 | Nice post!          |
|  2 | Bob       | love          |     102 | 2025-08-06 14:20:00 | Los Angeles   |          9 | Awesome!            |
|  3 | Charlie   | angry         |     101 | 2025-08-05 09:10:00 | Chicago       |          3 | NULL                |
|  4 | Diana     | wow           |     103 | 2025-08-07 08:30:00 | Miami         |          7 | Interesting point.  |
|  5 | Ethan     | sad           |     104 | 2025-08-04 16:45:00 | Dallas        |          2 | NULL                |
|  6 | Fiona     | love          |     102 | 2025-08-07 12:00:00 | Boston        |          6 | Well said.          |
|  7 | George    | like          |     105 | 2025-08-03 11:25:00 | Seattle       |          5 | NULL                |
|  8 | Hannah    | like          |     106 | 2025-08-07 15:50:00 | Denver        |          9 | Completely agree!   |
|  9 | Ian       | angry         |     107 | 2025-08-06 13:15:00 | Phoenix       |          4 | Not okay with this. |
| 10 | Jane      | sad           |     108 | 2025-08-02 18:40:00 | Atlanta       |          1 | NULL                |
| 11 | Sam       | like          |     101 | 2025-08-07 10:50:00 | New York      |          8 | ?                   |
| 12 | Anita     | wow           |     109 | 2025-08-01 20:10:00 | Houston       |          7 | NULL                |
| 13 | Brian     | love          |     110 | 2025-08-07 09:05:00 | San Francisco |         10 | Fantastic work!     |
| 14 | Catherine | like          |     111 | 2025-08-07 08:55:00 | New York      |          6 | NULL                |
| 15 | Daniel    | angry         |     112 | 2025-08-05 17:35:00 | Chicago       |          2 | NULL                |
+----+-----------+---------------+---------+---------------------+---------------+------------+---------------------+
15 rows in set (0.00 sec)

mysql> SELECT COUNT(*) AS null_comment_count FROM reaction WHERE comment IS NULL;
+--------------------+
| null_comment_count |
+--------------------+
|                  7 |
+--------------------+